id_prefix,name,status
seed123,Section 22,active
seed456,Section 32,active
seed789,Section 43,active
seed1011,Section 53,active
seed1213,Section 64,active
seed1415,Section 83,active
seed1617,Section 92,active
seed1819,Section 10,active
seed2021,Section 11,active
seed2223,Section 12,active
seed2425,Section 13,active
seed2627,Section 14,active
seed2829,Section 15,active
seed3031,Section 16,active
seed3233,Section 17,active
seed3435,Section 18,active
seed3637,Section 19,active
seed3839,Section 20,active
seed4041,Section 21,active